model,task,seed,train_accuracy,test_accuracy,train_f1,test_f1
roberta-base,mrpc,1,0.9037622682660852,0.8700980392156863,0.927141382868937,0.9041591320072332
roberta-base,mrpc,2,0.8980370774263904,0.8897058823529411,0.9244139046079224,0.9203539823008848
roberta-base,mrpc,3,0.8996728462377317,0.8602941176470589,0.9259855189058728,0.9001751313485115
roberta-base,cola,1,0.9242193895450824,0.8283796740172579,0.9475218658892128,0.8835393623942747
roberta-base,cola,2,0.9244532803180916,0.8197507190795782,0.9479535932968096,0.8783958602846055
roberta-base,cola,3,0.9318208396678752,0.8437200383509108,0.9525514771709938,0.8938110749185668
roberta-base,sst2,1,0.9781585472687048,0.9461009174311926,0.9804396101219368,0.9473684210526316
roberta-base,sst2,2,0.9780546110558436,0.9403669724770642,0.9802649148106608,0.9413092550790066
roberta-base,sst2,3,0.9786039881809678,0.9495412844036697,0.980819656856873,0.9507829977628636
