model,task,seed,train_accuracy,test_accuracy,train_f1,test_f1
roberta-base,sst2,42,0.9637114136809752,0.9311926605504588,0.9671999141077948,0.931350114416476
roberta-base,sst2,43,0.978143699238296,0.930045871559633,0.9805022782663982,0.9324473975636768
roberta-base,sst2,44,0.9797472865224428,0.9369266055045872,0.981778834593497,0.9378531073446328
roberta-base,cola,44,0.945035668342884,0.822627037392138,0.9613359657782166,0.8783694937541091
roberta-base,cola,43,0.8929949713483804,0.8283796740172579,0.9254217947672998,0.8826229508196721
roberta-base,cola,42,0.9379019997661092,0.8312559923298178,0.9570214488061514,0.8863049095607234
roberta-base,mrpc,42,0.9604689203925844,0.9019607843137256,0.9705344442186548,0.9293286219081272
roberta-base,mrpc,43,0.9353871319520176,0.875,0.951642521934299,0.9084380610412928
roberta-base,mrpc,44,0.9299345692475464,0.8774509803921569,0.9473252715720435,0.9097472924187725